<?xml version="1.0" encoding="UTF-8"?>
<project-private xmlns="http://www.netbeans.org/ns/project-private/1">
    <editor-bookmarks xmlns="http://www.netbeans.org/ns/editor-bookmarks/2" lastBookmarkId="24">
        <file>
            <url>src/ids2ui/ConfigComm.java</url>
            <bookmark id="13">
                <name/>
                <line>2197</line>
                <key/>
            </bookmark>
        </file>
        <file>
            <url>src/ids2ui/DistrFavoritesForm.java</url>
            <bookmark id="12">
                <name/>
                <line>464</line>
                <key/>
            </bookmark>
        </file>
        <file>
            <url>src/ids2ui/DistrProductModifyDialog.java</url>
            <bookmark id="21">
                <name/>
                <line>296</line>
                <key/>
            </bookmark>
        </file>
        <file>
            <url>src/ids2ui/MainScreenPanel.java</url>
            <bookmark id="11">
                <name/>
                <line>603</line>
                <key/>
            </bookmark>
            <bookmark id="10">
                <name/>
                <line>1370</line>
                <key/>
            </bookmark>
        </file>
        <file>
            <url>src/ids2ui/ActionHandlers.java</url>
            <bookmark id="8">
                <name/>
                <line>869</line>
                <key/>
            </bookmark>
            <bookmark id="9">
                <name/>
                <line>934</line>
                <key/>
            </bookmark>
            <bookmark id="7">
                <name/>
                <line>1398</line>
                <key/>
            </bookmark>
            <bookmark id="23">
                <name/>
                <line>2694</line>
                <key/>
            </bookmark>
            <bookmark id="22">
                <name/>
                <line>2772</line>
                <key/>
            </bookmark>
        </file>
        <file>
            <url>src/ids2ui/DistributorConfigurationForm.java</url>
            <bookmark id="1">
                <name/>
                <line>2070</line>
                <key/>
            </bookmark>
            <bookmark id="14">
                <name/>
                <line>2089</line>
                <key/>
            </bookmark>
            <bookmark id="18">
                <name/>
                <line>2188</line>
                <key/>
            </bookmark>
            <bookmark id="19">
                <name/>
                <line>2414</line>
                <key/>
            </bookmark>
            <bookmark id="24">
                <name/>
                <line>3566</line>
                <key/>
            </bookmark>
            <bookmark id="15">
                <name/>
                <line>4769</line>
                <key/>
            </bookmark>
            <bookmark id="17">
                <name/>
                <line>4954</line>
                <key/>
            </bookmark>
        </file>
        <file>
            <url>src/ids2ui/DCMServicesForm.java</url>
            <bookmark id="5">
                <name/>
                <line>371</line>
                <key/>
            </bookmark>
            <bookmark id="6">
                <name/>
                <line>408</line>
                <key/>
            </bookmark>
        </file>
    </editor-bookmarks>
</project-private>
